{
    "num_qubits": [
        4,
        12,
        14,
        16,
        20,
        24,
        28,
        46
    ],
    "time": [
        0.03394150733947754,
        0.09028244018554688,
        0.11408305168151855,
        0.20706486701965332,
        0.31863951683044434,
        0.5465829372406006,
        1.0570523738861084,
        31.085046529769897
    ]
}