{
    "num_qubits": [
        4,
        12,
        14,
        16,
        20,
        24,
        28,
        46
    ],
    "time": [
        0.04324698448181152,
        0.11724305152893066,
        0.19350147247314453,
        0.25335025787353516,
        0.3146796226501465,
        0.6515276432037354,
        1.1959803104400635,
        25.721407413482666
    ]
}