{
    "num_qubits": [
        4,
        12,
        14,
        16,
        20,
        24,
        28,
        46
    ],
    "time": [
        0.034064292907714844,
        0.09876775741577148,
        0.09890937805175781,
        0.16068482398986816,
        0.2339773178100586,
        0.48847317695617676,
        0.9118902683258057,
        12.489583730697632
    ]
}