{
    "num_qubits": [
        4,
        12,
        14,
        16,
        20,
        24,
        28,
        46
    ],
    "time": [
        0.11101460456848145,
        0.8519036769866943,
        1.397301197052002,
        3.8565831184387207,
        3.773618221282959,
        7.97936749458313,
        11.469067335128784,
        493.69
    ]
}